序号,时间戳,帧类型,帧格式,状态,数据长度, 数据(D0 - D7),ID,
1,16:57:54.8120566,标准帧,数据帧,接收,8,FD 10 40 20 00 00 00 6B,1,
2,16:57:54.8120566,标准帧,数据帧,接收,3,01 EE 6B,1,
3,16:57:54.8120566,标准帧,数据帧,接收,8,FD 10 40 20 00 00 00 6B,2,
4,16:57:54.8120566,标准帧,数据帧,接收,3,02 EE 6B,2,
5,16:57:54.8120566,标准帧,数据帧,接收,8,FD 10 40 20 00 00 00 6B,1,
6,16:57:54.8120566,标准帧,数据帧,接收,3,01 02 6B,1,
7,16:57:54.8120566,标准帧,数据帧,接收,8,FD 10 40 20 00 00 00 6B,1,
8,16:57:54.8120566,标准帧,数据帧,接收,3,01 02 6B,1,
9,16:57:54.8120566,标准帧,数据帧,接收,8,FD 10 40 20 00 00 00 6B,2,
10,16:57:54.8120566,标准帧,数据帧,接收,3,02 02 6B,2,
11,16:57:54.8120566,标准帧,数据帧,接收,8,FD 10 40 20 00 00 00 6B,2,
12,16:57:54.8120566,标准帧,数据帧,接收,3,02 EE 6B,2,
13,16:57:54.8120566,标准帧,数据帧,接收,8,FD 10 40 20 00 00 00 6B,2,
14,16:57:54.8120566,标准帧,数据帧,接收,3,02 02 6B,2,
15,16:57:54.8120566,标准帧,数据帧,接收,8,FD 10 40 20 00 00 00 6B,2,
16,16:57:54.8120566,标准帧,数据帧,接收,8,FD 10 40 20 00 00 00 6B,1,
17,16:57:54.8120566,标准帧,数据帧,接收,8,FD 10 40 20 00 00 00 6B,1,
18,16:57:54.8120566,标准帧,数据帧,接收,8,FD 10 40 20 00 00 00 6B,2,
19,16:57:54.8120566,标准帧,数据帧,接收,3,02 02 6B,2,
20,16:57:54.8120566,标准帧,数据帧,接收,8,FD 10 40 20 00 00 00 6B,2,
21,16:57:54.8120566,标准帧,数据帧,接收,3,02 02 6B,2,
22,16:57:54.8120566,标准帧,数据帧,接收,8,FD 10 40 20 00 00 00 6B,2,
23,16:57:54.8120566,标准帧,数据帧,接收,3,02 02 6B,2,
24,16:57:54.8120566,标准帧,数据帧,接收,8,FD 10 40 20 00 00 00 6B,1,
25,16:57:54.8120566,标准帧,数据帧,接收,3,01 02 6B,1,
26,16:57:54.8120566,标准帧,数据帧,接收,8,FD 10 40 20 00 00 00 6B,2,
27,16:57:54.8120566,标准帧,数据帧,接收,8,FD 10 40 20 00 00 00 6B,1,
28,16:57:54.8120566,标准帧,数据帧,接收,8,FD 10 40 20 00 00 00 6B,1,
29,16:57:54.8120566,标准帧,数据帧,接收,3,01 02 6B,1,
30,16:57:54.8120566,标准帧,数据帧,接收,8,FD 10 40 20 00 00 00 6B,2,
31,16:57:54.8120566,标准帧,数据帧,接收,3,02 EE 6B,2,
32,16:57:54.8120566,标准帧,数据帧,接收,8,FD 10 40 20 00 00 00 6B,2,
33,16:57:54.8120566,标准帧,数据帧,接收,3,02 02 6B,2,
34,16:57:54.8120566,标准帧,数据帧,接收,8,FD 10 40 20 00 00 00 6B,1,
35,16:57:54.8120566,标准帧,数据帧,接收,3,01 02 6B,1,
36,16:57:54.8120566,标准帧,数据帧,接收,8,FD 10 40 20 00 00 00 6B,2,
37,16:57:54.8120566,标准帧,数据帧,接收,3,02 02 6B,2,
38,16:57:54.8120566,标准帧,数据帧,接收,8,FD 10 40 20 00 00 00 6B,2,
39,16:57:54.8120566,标准帧,数据帧,接收,3,02 02 6B,2,
40,16:57:54.8120566,标准帧,数据帧,接收,8,FD 10 40 20 00 00 00 6B,1,
41,16:57:54.8120566,标准帧,数据帧,接收,3,01 02 6B,1,
42,16:57:54.8120566,标准帧,数据帧,接收,8,FD 10 40 20 00 00 00 6B,2,
43,16:57:54.8120566,标准帧,数据帧,接收,8,FD 10 40 20 00 00 00 6B,1,
44,16:57:54.8120566,标准帧,数据帧,接收,8,FD 10 40 20 00 00 00 6B,2,
45,16:57:54.8120566,标准帧,数据帧,接收,3,02 02 6B,2,
46,16:57:54.8120566,标准帧,数据帧,接收,8,FD 10 40 20 00 00 00 6B,1,
47,16:57:54.8120566,标准帧,数据帧,接收,3,01 02 6B,1,
48,16:57:54.8120566,标准帧,数据帧,接收,8,FD 10 40 20 00 00 00 6B,2,
49,16:57:54.8120566,标准帧,数据帧,接收,3,02 02 6B,2,
50,16:57:54.8120566,标准帧,数据帧,接收,8,FD 10 40 20 00 00 00 6B,1,
51,16:57:54.8120566,标准帧,数据帧,接收,8,FD 10 40 20 00 00 00 6B,2,
52,16:57:54.8120566,标准帧,数据帧,接收,8,FD 10 40 20 00 00 00 6B,2,
53,16:57:54.8120566,标准帧,数据帧,接收,3,02 02 6B,2,
54,16:57:54.8120566,标准帧,数据帧,接收,8,FD 10 40 20 00 00 00 6B,2,
55,16:57:54.8120566,标准帧,数据帧,接收,3,02 02 6B,2,
56,16:57:54.8120566,标准帧,数据帧,接收,8,FD 10 40 20 00 00 00 6B,2,
57,16:57:54.8120566,标准帧,数据帧,接收,3,02 02 6B,2,
58,16:57:54.8120566,标准帧,数据帧,接收,8,FD 10 40 20 00 00 00 6B,2,
59,16:57:54.8120566,标准帧,数据帧,接收,8,FD 10 40 20 00 00 00 6B,1,
60,16:57:54.8120566,标准帧,数据帧,接收,3,01 02 6B,1,
61,16:57:54.8120566,标准帧,数据帧,接收,8,FD 10 40 20 00 00 00 6B,1,
62,16:57:54.8120566,标准帧,数据帧,接收,3,01 02 6B,1,
63,16:57:54.8120566,标准帧,数据帧,接收,8,FD 10 40 20 00 00 00 6B,1,
64,16:57:54.8120566,标准帧,数据帧,接收,8,FD 10 40 20 00 00 00 6B,2,
65,16:57:54.8120566,标准帧,数据帧,接收,3,02 02 6B,2,
66,16:57:54.8120566,标准帧,数据帧,接收,8,FD 10 40 20 00 00 00 6B,2,
67,16:57:54.8120566,标准帧,数据帧,接收,3,02 02 6B,2,
68,16:57:54.8120566,标准帧,数据帧,接收,8,FD 10 40 20 00 00 00 6B,2,
69,16:57:54.8120566,标准帧,数据帧,接收,8,FD 10 40 20 00 00 00 6B,2,
70,16:57:54.8120566,标准帧,数据帧,接收,8,FD 10 40 20 00 00 00 6B,1,
71,16:57:54.8120566,标准帧,数据帧,接收,3,01 EE 6B,1,
72,16:57:54.8120566,标准帧,数据帧,接收,8,FD 10 40 20 00 00 00 6B,2,
73,16:57:54.8120566,标准帧,数据帧,接收,3,02 02 6B,2,
74,16:57:54.8120566,标准帧,数据帧,接收,8,FD 10 40 20 00 00 00 6B,2,
75,16:57:54.8120566,标准帧,数据帧,接收,3,02 02 6B,2,
76,16:57:54.8120566,标准帧,数据帧,接收,8,FD 10 40 20 00 00 00 6B,1,
77,16:57:54.8120566,标准帧,数据帧,接收,3,01 02 6B,1,
78,16:57:54.8120566,标准帧,数据帧,接收,8,FD 10 40 20 00 00 00 6B,2,
79,16:57:54.8120566,标准帧,数据帧,接收,8,FD 10 40 20 00 00 00 6B,2,
80,16:57:54.8120566,标准帧,数据帧,接收,3,02 02 6B,2,
81,16:57:54.8120566,标准帧,数据帧,接收,8,FD 10 40 20 00 00 00 6B,1,
82,16:57:54.8120566,标准帧,数据帧,接收,8,FD 10 40 20 00 00 00 6B,2,
83,16:57:54.8120566,标准帧,数据帧,接收,3,02 02 6B,2,
84,16:57:54.8120566,标准帧,数据帧,接收,8,FD 10 40 20 00 00 00 6B,2,
85,16:57:54.8120566,标准帧,数据帧,接收,3,02 02 6B,2,
86,16:57:54.8120566,标准帧,数据帧,接收,8,FD 10 40 20 00 00 00 6B,2,
87,16:57:54.8120566,标准帧,数据帧,接收,8,FD 10 40 20 00 00 00 6B,1,
88,16:57:54.8120566,标准帧,数据帧,接收,8,FD 10 40 20 00 00 00 6B,2,
89,16:57:54.8120566,标准帧,数据帧,接收,3,02 02 6B,2,
90,16:57:54.8120566,标准帧,数据帧,接收,8,FD 10 40 20 00 00 00 6B,1,
91,16:57:54.8120566,标准帧,数据帧,接收,3,01 02 6B,1,
92,16:57:54.8120566,标准帧,数据帧,接收,8,FD 10 40 20 00 00 00 6B,2,
93,16:57:54.8120566,标准帧,数据帧,接收,8,FD 10 40 20 00 00 00 6B,1,
94,16:57:54.8120566,标准帧,数据帧,接收,8,FD 10 40 20 00 00 00 6B,2,
95,16:57:54.8120566,标准帧,数据帧,接收,3,02 02 6B,2,
96,16:57:54.8120566,标准帧,数据帧,接收,8,FD 10 40 20 00 00 00 6B,1,
97,16:57:54.8120566,标准帧,数据帧,接收,3,01 02 6B,1,
98,16:57:54.8120566,标准帧,数据帧,接收,8,FD 10 40 20 00 00 00 6B,2,
99,16:57:54.8120566,标准帧,数据帧,接收,3,02 02 6B,2,
100,16:57:54.8120566,标准帧,数据帧,接收,8,FD 10 40 20 00 00 00 6B,1,
101,16:57:54.8120566,标准帧,数据帧,接收,3,01 02 6B,1,
102,16:57:54.8120566,标准帧,数据帧,接收,8,FD 10 40 20 00 00 00 6B,1,
103,16:57:54.8120566,标准帧,数据帧,接收,3,01 02 6B,1,
104,16:57:54.8120566,标准帧,数据帧,接收,8,FD 10 40 20 00 00 00 6B,2,
105,16:57:54.8120566,标准帧,数据帧,接收,3,02 02 6B,2,
106,16:57:54.8120566,标准帧,数据帧,接收,8,FD 10 40 20 00 00 00 6B,1,
107,16:57:54.8120566,标准帧,数据帧,接收,3,01 02 6B,1,
108,16:57:54.8120566,标准帧,数据帧,接收,8,FD 10 40 20 00 00 00 6B,1,
109,16:57:54.8120566,标准帧,数据帧,接收,8,FD 10 40 20 00 00 00 6B,2,
110,16:57:54.8120566,标准帧,数据帧,接收,8,FD 10 40 20 00 00 00 6B,2,
111,16:57:54.8120566,标准帧,数据帧,接收,3,02 02 6B,2,
112,16:57:54.8120566,标准帧,数据帧,接收,8,FD 10 40 20 00 00 00 6B,1,
113,16:57:54.8120566,标准帧,数据帧,接收,8,FD 10 40 20 00 00 00 6B,2,
114,16:57:54.8120566,标准帧,数据帧,接收,8,FD 10 40 20 00 00 00 6B,1,
115,16:57:54.8120566,标准帧,数据帧,接收,8,FD 10 40 20 00 00 00 6B,1,
116,16:57:54.8120566,标准帧,数据帧,接收,8,FD 10 40 20 00 00 00 6B,2,
117,16:57:54.8120566,标准帧,数据帧,接收,8,FD 10 40 20 00 00 00 6B,2,
118,16:57:54.8120566,标准帧,数据帧,接收,8,FD 10 40 20 00 00 00 6B,1,
119,16:57:54.8120566,标准帧,数据帧,接收,3,01 02 6B,1,
120,16:57:54.8120566,标准帧,数据帧,接收,8,FD 10 40 20 00 00 00 6B,2,
121,16:57:54.8120566,标准帧,数据帧,接收,8,FD 10 40 20 00 00 00 6B,2,
122,16:57:54.8120566,标准帧,数据帧,接收,3,02 02 6B,2,
123,16:57:54.8120566,标准帧,数据帧,接收,8,FD 10 40 20 00 00 00 6B,1,
124,16:57:54.8120566,标准帧,数据帧,接收,8,FD 10 40 20 00 00 00 6B,2,
125,16:57:54.8120566,标准帧,数据帧,接收,3,02 02 6B,2,
126,16:57:54.8120566,标准帧,数据帧,接收,8,FD 10 40 20 00 00 00 6B,2,
127,16:57:54.8120566,标准帧,数据帧,接收,3,02 02 6B,2,
128,16:57:54.8120566,标准帧,数据帧,接收,8,FD 10 40 20 00 00 00 6B,1,
129,16:57:54.8120566,标准帧,数据帧,接收,3,01 02 6B,1,
130,16:57:54.8120566,标准帧,数据帧,接收,8,FD 10 40 20 00 00 00 6B,1,
131,16:57:54.8120566,标准帧,数据帧,接收,3,01 02 6B,1,
132,16:57:54.8120566,标准帧,数据帧,接收,8,FD 10 40 20 00 00 00 6B,1,
133,16:57:54.8120566,标准帧,数据帧,接收,3,01 02 6B,1,
134,16:57:54.8120566,标准帧,数据帧,接收,8,FD 10 40 20 00 00 00 6B,2,
135,16:57:54.8120566,标准帧,数据帧,接收,3,02 02 6B,2,
136,16:57:54.8120566,标准帧,数据帧,接收,8,FD 10 40 20 00 00 00 6B,1,
137,16:57:54.8120566,标准帧,数据帧,接收,3,01 02 6B,1,
138,16:57:54.8120566,标准帧,数据帧,接收,8,FD 10 40 20 00 00 00 6B,2,
139,16:57:54.8120566,标准帧,数据帧,接收,3,02 02 6B,2,
140,16:57:54.8120566,标准帧,数据帧,接收,8,FD 10 40 20 00 00 00 6B,1,
141,16:57:54.8120566,标准帧,数据帧,接收,8,FD 10 40 20 00 00 00 6B,1,
142,16:57:54.8120566,标准帧,数据帧,接收,8,FD 10 40 20 00 00 00 6B,2,
143,16:57:54.8120566,标准帧,数据帧,接收,8,FD 10 40 20 00 00 00 6B,2,
144,16:57:54.8120566,标准帧,数据帧,接收,8,FD 10 40 20 00 00 00 6B,1,
145,16:57:54.8120566,标准帧,数据帧,接收,3,01 02 6B,1,
146,16:57:54.8120566,标准帧,数据帧,接收,8,FD 10 40 20 00 00 00 6B,2,
147,16:57:54.8120566,标准帧,数据帧,接收,3,02 02 6B,2,
148,16:57:54.8120566,标准帧,数据帧,接收,8,FD 10 40 20 00 00 00 6B,2,
149,16:57:54.8120566,标准帧,数据帧,接收,3,02 02 6B,2,
150,16:57:54.8120566,标准帧,数据帧,接收,8,FD 10 40 20 00 00 00 6B,1,
151,16:57:54.8120566,标准帧,数据帧,接收,8,FD 10 40 20 00 00 00 6B,2,
152,16:57:54.8120566,标准帧,数据帧,接收,8,FD 10 40 20 00 00 00 6B,2,
153,16:57:54.8120566,标准帧,数据帧,接收,8,FD 10 40 20 00 00 00 6B,1,
154,16:57:54.8120566,标准帧,数据帧,接收,3,01 02 6B,1,
155,16:57:54.8120566,标准帧,数据帧,接收,8,FD 10 40 20 00 00 00 6B,2,
156,16:57:54.8120566,标准帧,数据帧,接收,8,FD 10 40 20 00 00 00 6B,1,
157,16:57:54.8120566,标准帧,数据帧,接收,3,01 02 6B,1,
158,16:57:54.8120566,标准帧,数据帧,接收,8,FD 10 40 20 00 00 00 6B,2,
159,16:57:54.8120566,标准帧,数据帧,接收,8,FD 10 40 20 00 00 00 6B,2,
160,16:57:54.8120566,标准帧,数据帧,接收,8,FD 10 40 20 00 00 00 6B,1,
161,16:57:54.8120566,标准帧,数据帧,接收,8,FD 10 40 20 00 00 00 6B,2,
162,16:57:54.8120566,标准帧,数据帧,接收,3,02 02 6B,2,
163,16:57:54.8120566,标准帧,数据帧,接收,8,FD 10 40 20 00 00 00 6B,1,
164,16:57:54.8120566,标准帧,数据帧,接收,8,FD 10 40 20 00 00 00 6B,2,
165,16:57:54.8120566,标准帧,数据帧,接收,8,FD 10 40 20 00 00 00 6B,2,
166,16:57:54.8120566,标准帧,数据帧,接收,8,FD 10 40 20 00 00 00 6B,1,
167,16:57:54.8120566,标准帧,数据帧,接收,3,01 02 6B,1,
168,16:57:54.8120566,标准帧,数据帧,接收,8,FD 10 40 20 00 00 00 6B,2,
169,16:57:54.8120566,标准帧,数据帧,接收,8,FD 10 40 20 00 00 00 6B,1,
170,16:57:54.8120566,标准帧,数据帧,接收,8,FD 10 40 20 00 00 00 6B,1,
171,16:57:54.8120566,标准帧,数据帧,接收,8,FD 10 40 20 00 00 00 6B,2,
172,16:57:54.8120566,标准帧,数据帧,接收,3,02 02 6B,2,
173,16:57:54.8120566,标准帧,数据帧,接收,8,FD 10 40 20 00 00 00 6B,1,
174,16:57:54.8120566,标准帧,数据帧,接收,3,01 02 6B,1,
175,16:57:54.8120566,标准帧,数据帧,接收,8,FD 10 40 20 00 00 00 6B,2,
176,16:57:54.8120566,标准帧,数据帧,接收,3,02 02 6B,2,
177,16:57:54.8120566,标准帧,数据帧,接收,8,FD 10 40 20 00 00 00 6B,1,
178,16:57:54.8120566,标准帧,数据帧,接收,8,FD 10 40 20 00 00 00 6B,1,
179,16:57:54.8120566,标准帧,数据帧,接收,3,01 02 6B,1,
180,16:57:54.8120566,标准帧,数据帧,接收,8,FD 10 40 20 00 00 00 6B,1,
181,16:57:54.8120566,标准帧,数据帧,接收,3,01 02 6B,1,
182,16:57:54.8120566,标准帧,数据帧,接收,8,FD 10 40 20 00 00 00 6B,1,
183,16:57:54.8120566,标准帧,数据帧,接收,8,FD 10 40 20 00 00 00 6B,1,
184,16:57:54.8120566,标准帧,数据帧,接收,8,FD 10 40 20 00 00 00 6B,2,
185,16:57:54.8120566,标准帧,数据帧,接收,8,FD 10 40 20 00 00 00 6B,2,
186,16:57:54.8120566,标准帧,数据帧,接收,8,FD 10 40 20 00 00 00 6B,1,
187,16:57:54.8120566,标准帧,数据帧,接收,3,01 02 6B,1,
188,16:57:54.8120566,标准帧,数据帧,接收,8,FD 10 40 20 00 00 00 6B,2,
189,16:57:54.8120566,标准帧,数据帧,接收,8,FD 10 40 20 00 00 00 6B,1,
190,16:57:54.8120566,标准帧,数据帧,接收,8,FD 10 40 20 00 00 00 6B,1,
191,16:57:54.8120566,标准帧,数据帧,接收,3,01 02 6B,1,
192,16:57:54.8120566,标准帧,数据帧,接收,8,FD 10 40 20 00 00 00 6B,2,
193,16:57:54.8120566,标准帧,数据帧,接收,3,02 02 6B,2,
194,16:57:54.8120566,标准帧,数据帧,接收,8,FD 10 40 20 00 00 00 6B,1,
195,16:57:54.8120566,标准帧,数据帧,接收,8,FD 10 40 20 00 00 00 6B,2,
196,16:57:54.8120566,标准帧,数据帧,接收,8,FD 10 40 20 00 00 00 6B,2,
197,16:57:54.8120566,标准帧,数据帧,接收,3,02 02 6B,2,
198,16:57:54.8120566,标准帧,数据帧,接收,8,FD 10 40 20 00 00 00 6B,1,
199,16:57:54.8120566,标准帧,数据帧,接收,3,01 02 6B,1,
200,16:57:54.8120566,标准帧,数据帧,接收,8,FD 10 40 20 00 00 00 6B,2,
201,16:57:54.8120566,标准帧,数据帧,接收,3,02 02 6B,2,
202,16:57:54.8120566,标准帧,数据帧,接收,8,FD 10 40 20 00 00 00 6B,2,
203,16:57:54.8120566,标准帧,数据帧,接收,3,02 02 6B,2,
204,16:57:54.8120566,标准帧,数据帧,接收,8,FD 10 40 20 00 00 00 6B,2,
205,16:57:54.8120566,标准帧,数据帧,接收,8,FD 10 40 20 00 00 00 6B,1,
206,16:57:54.8120566,标准帧,数据帧,接收,8,FD 10 40 20 00 00 00 6B,1,
207,16:57:54.8120566,标准帧,数据帧,接收,8,FD 10 40 20 00 00 00 6B,2,
208,16:57:54.8120566,标准帧,数据帧,接收,8,FD 10 40 20 00 00 00 6B,2,
209,16:57:54.8120566,标准帧,数据帧,接收,8,FD 10 40 20 00 00 00 6B,1,
210,16:57:54.8120566,标准帧,数据帧,接收,8,FD 10 40 20 00 00 00 6B,2,
211,16:57:54.8120566,标准帧,数据帧,接收,3,02 02 6B,2,
212,16:57:54.8120566,标准帧,数据帧,接收,8,FD 10 40 20 00 00 00 6B,1,
213,16:57:54.8120566,标准帧,数据帧,接收,3,01 02 6B,1,
214,16:57:54.8120566,标准帧,数据帧,接收,8,FD 10 40 20 00 00 00 6B,2,
215,16:57:54.8120566,标准帧,数据帧,接收,3,02 02 6B,2,
216,16:57:54.8120566,标准帧,数据帧,接收,8,FD 10 40 20 00 00 00 6B,1,
217,16:57:54.8120566,标准帧,数据帧,接收,3,01 02 6B,1,
218,16:57:54.8120566,标准帧,数据帧,接收,8,FD 10 40 20 00 00 00 6B,2,
219,16:57:54.8120566,标准帧,数据帧,接收,8,FD 10 40 20 00 00 00 6B,2,
220,16:57:54.8120566,标准帧,数据帧,接收,3,02 02 6B,2,
221,16:57:54.8120566,标准帧,数据帧,接收,8,FD 10 40 20 00 00 00 6B,2,
222,16:57:54.8120566,标准帧,数据帧,接收,8,FD 10 40 20 00 00 00 6B,2,
223,16:57:54.8120566,标准帧,数据帧,接收,8,FD 10 40 20 00 00 00 6B,1,
224,16:57:54.8120566,标准帧,数据帧,接收,8,FD 10 40 20 00 00 00 6B,2,
225,16:57:54.8120566,标准帧,数据帧,接收,8,FD 10 40 20 00 00 00 6B,1,
226,16:57:54.8120566,标准帧,数据帧,接收,8,FD 10 40 20 00 00 00 6B,1,
227,16:57:54.8120566,标准帧,数据帧,接收,3,01 02 6B,1,
228,16:57:54.8120566,标准帧,数据帧,接收,8,FD 10 40 20 00 00 00 6B,2,
229,16:57:54.8120566,标准帧,数据帧,接收,8,FD 10 40 20 00 00 00 6B,1,
230,16:57:54.8120566,标准帧,数据帧,接收,3,01 02 6B,1,
231,16:57:54.8120566,标准帧,数据帧,接收,8,FD 10 40 20 00 00 00 6B,2,
232,16:57:54.8120566,标准帧,数据帧,接收,8,FD 10 40 20 00 00 00 6B,1,
233,16:57:54.8120566,标准帧,数据帧,接收,8,FD 10 40 20 00 00 00 6B,1,
234,16:57:54.8120566,标准帧,数据帧,接收,8,FD 10 40 20 00 00 00 6B,2,
235,16:57:54.8120566,标准帧,数据帧,接收,8,FD 10 40 20 00 00 00 6B,2,
236,16:57:54.8120566,标准帧,数据帧,接收,8,FD 10 40 20 00 00 00 6B,1,
237,16:57:54.8120566,标准帧,数据帧,接收,3,01 02 6B,1,
238,16:57:54.8120566,标准帧,数据帧,接收,8,FD 10 40 20 00 00 00 6B,2,
239,16:57:54.8120566,标准帧,数据帧,接收,8,FD 10 40 20 00 00 00 6B,1,
240,16:57:54.8120566,标准帧,数据帧,接收,3,01 02 6B,1,
241,16:57:54.8120566,标准帧,数据帧,接收,8,FD 10 40 20 00 00 00 6B,2,
242,16:57:54.8120566,标准帧,数据帧,接收,8,FD 10 40 20 00 00 00 6B,2,
243,16:57:54.8120566,标准帧,数据帧,接收,3,02 EE 6B,2,
244,16:57:54.8120566,标准帧,数据帧,接收,8,FD 10 40 20 00 00 00 6B,2,
245,16:57:54.8120566,标准帧,数据帧,接收,8,FD 10 40 20 00 00 00 6B,2,
246,16:57:54.8120566,标准帧,数据帧,接收,8,FD 10 40 20 00 00 00 6B,1,
247,16:57:54.8120566,标准帧,数据帧,接收,3,01 02 6B,1,
248,16:57:54.8120566,标准帧,数据帧,接收,8,FD 10 40 20 00 00 00 6B,2,
249,16:57:54.8120566,标准帧,数据帧,接收,3,02 02 6B,2,
250,16:57:54.8120566,标准帧,数据帧,接收,8,FD 10 40 20 00 00 00 6B,2,
251,16:57:54.8120566,标准帧,数据帧,接收,8,FD 10 40 20 00 00 00 6B,2,
252,16:57:54.8120566,标准帧,数据帧,接收,8,FD 10 40 20 00 00 00 6B,1,
253,16:57:54.8120566,标准帧,数据帧,接收,3,01 02 6B,1,
254,16:57:54.8120566,标准帧,数据帧,接收,8,FD 10 40 20 00 00 00 6B,2,
255,16:57:54.8120566,标准帧,数据帧,接收,3,02 02 6B,2,
256,16:57:54.8120566,标准帧,数据帧,接收,8,FD 10 40 20 00 00 00 6B,1,
257,16:57:54.8120566,标准帧,数据帧,接收,3,01 EE 6B,1,
258,16:57:54.8120566,标准帧,数据帧,接收,8,FD 10 40 20 00 00 00 6B,2,
259,16:57:54.8120566,标准帧,数据帧,接收,3,02 02 6B,2,
260,16:57:54.8120566,标准帧,数据帧,接收,8,FD 10 40 20 00 00 00 6B,1,
261,16:57:54.8120566,标准帧,数据帧,接收,8,FD 10 40 20 00 00 00 6B,1,
262,16:57:54.8120566,标准帧,数据帧,接收,3,01 02 6B,1,
263,16:57:54.8120566,标准帧,数据帧,接收,8,FD 10 40 20 00 00 00 6B,2,
264,16:57:54.8120566,标准帧,数据帧,接收,8,FD 10 40 20 00 00 00 6B,2,
265,16:57:54.8120566,标准帧,数据帧,接收,8,FD 10 40 20 00 00 00 6B,1,
266,16:57:54.8120566,标准帧,数据帧,接收,3,01 02 6B,1,
267,16:57:54.8120566,标准帧,数据帧,接收,8,FD 10 40 20 00 00 00 6B,1,
268,16:57:54.8120566,标准帧,数据帧,接收,8,FD 10 40 20 00 00 00 6B,2,
269,16:57:54.8120566,标准帧,数据帧,接收,3,02 02 6B,2,
270,16:57:54.8120566,标准帧,数据帧,接收,8,FD 10 40 20 00 00 00 6B,1,
271,16:57:54.8120566,标准帧,数据帧,接收,3,01 02 6B,1,
272,16:57:54.8120566,标准帧,数据帧,接收,8,FD 10 40 20 00 00 00 6B,2,
273,16:57:54.8120566,标准帧,数据帧,接收,3,02 EE 6B,2,
274,16:57:54.8120566,标准帧,数据帧,接收,8,FD 10 40 20 00 00 00 6B,1,
275,16:57:54.8120566,标准帧,数据帧,接收,3,01 02 6B,1,
276,16:57:54.8120566,标准帧,数据帧,接收,8,FD 10 40 20 00 00 00 6B,1,
277,16:57:54.8120566,标准帧,数据帧,接收,8,FD 10 40 20 00 00 00 6B,1,
278,16:57:54.8120566,标准帧,数据帧,接收,8,FD 10 40 20 00 00 00 6B,2,
279,16:57:54.8120566,标准帧,数据帧,接收,3,02 02 6B,2,
280,16:57:54.8120566,标准帧,数据帧,接收,8,FD 10 40 20 00 00 00 6B,2,
281,16:57:54.8120566,标准帧,数据帧,接收,3,02 02 6B,2,
282,16:57:54.8120566,标准帧,数据帧,接收,8,FD 10 40 20 00 00 00 6B,1,
283,16:57:54.8120566,标准帧,数据帧,接收,3,01 02 6B,1,
284,16:57:54.8120566,标准帧,数据帧,接收,8,FD 10 40 20 00 00 00 6B,1,
285,16:57:54.8120566,标准帧,数据帧,接收,8,FD 10 40 20 00 00 00 6B,2,
286,16:57:54.8120566,标准帧,数据帧,接收,3,02 02 6B,2,
287,16:57:54.8120566,标准帧,数据帧,接收,8,FD 10 40 20 00 00 00 6B,2,
288,16:57:54.8120566,标准帧,数据帧,接收,3,02 02 6B,2,
289,16:57:54.8120566,标准帧,数据帧,接收,8,FD 10 40 20 00 00 00 6B,1,
290,16:57:54.8120566,标准帧,数据帧,接收,8,FD 10 40 20 00 00 00 6B,2,
291,16:57:54.8120566,标准帧,数据帧,接收,8,FD 10 40 20 00 00 00 6B,1,
292,16:57:54.8120566,标准帧,数据帧,接收,8,FD 10 40 20 00 00 00 6B,2,
293,16:57:54.8120566,标准帧,数据帧,接收,8,FD 10 40 20 00 00 00 6B,2,
294,16:57:54.8120566,标准帧,数据帧,接收,8,FD 10 40 20 00 00 00 6B,1,
295,16:57:54.8120566,标准帧,数据帧,接收,3,01 02 6B,1,
296,16:57:54.8120566,标准帧,数据帧,接收,8,FD 10 40 20 00 00 00 6B,2,
297,16:57:54.8120566,标准帧,数据帧,接收,8,FD 10 40 20 00 00 00 6B,1,
298,16:57:54.8120566,标准帧,数据帧,接收,3,01 02 6B,1,
299,16:57:54.8120566,标准帧,数据帧,接收,8,FD 10 40 20 00 00 00 6B,2,
300,16:57:54.8120566,标准帧,数据帧,接收,3,02 02 6B,2,
301,16:57:54.8120566,标准帧,数据帧,接收,8,FD 10 40 20 00 00 00 6B,1,
302,16:57:54.8120566,标准帧,数据帧,接收,8,FD 10 40 20 00 00 00 6B,1,
303,16:57:54.8120566,标准帧,数据帧,接收,3,01 02 6B,1,
304,16:57:54.8120566,标准帧,数据帧,接收,8,FD 10 40 20 00 00 00 6B,1,
305,16:57:54.8120566,标准帧,数据帧,接收,8,FD 10 40 20 00 00 00 6B,1,
306,16:57:54.8120566,标准帧,数据帧,接收,8,FD 10 40 20 00 00 00 6B,2,
307,16:57:54.8120566,标准帧,数据帧,接收,3,02 02 6B,2,
308,16:57:54.8120566,标准帧,数据帧,接收,8,FD 10 40 20 00 00 00 6B,1,
309,16:57:54.8120566,标准帧,数据帧,接收,8,FD 10 40 20 00 00 00 6B,2,
310,16:57:54.8120566,标准帧,数据帧,接收,8,FD 10 40 20 00 00 00 6B,2,
311,16:57:54.8120566,标准帧,数据帧,接收,3,02 02 6B,2,
312,16:57:54.8120566,标准帧,数据帧,接收,8,FD 10 40 20 00 00 00 6B,1,
313,16:57:54.8120566,标准帧,数据帧,接收,3,01 02 6B,1,
314,16:57:54.8120566,标准帧,数据帧,接收,8,FD 10 40 20 00 00 00 6B,2,
315,16:57:54.8120566,标准帧,数据帧,接收,8,FD 10 40 20 00 00 00 6B,1,
316,16:57:54.8120566,标准帧,数据帧,接收,3,01 02 6B,1,
317,16:57:54.8120566,标准帧,数据帧,接收,8,FD 10 40 20 00 00 00 6B,2,
318,16:57:54.8120566,标准帧,数据帧,接收,8,FD 10 40 20 00 00 00 6B,1,
319,16:57:54.8120566,标准帧,数据帧,接收,8,FD 10 40 20 00 00 00 6B,1,
320,16:57:54.8120566,标准帧,数据帧,接收,3,01 02 6B,1,
321,16:57:54.8120566,标准帧,数据帧,接收,8,FD 10 40 20 00 00 00 6B,2,
322,16:57:54.8120566,标准帧,数据帧,接收,3,02 02 6B,2,
323,16:57:54.8120566,标准帧,数据帧,接收,8,FD 10 40 20 00 00 00 6B,1,
324,16:57:54.8120566,标准帧,数据帧,接收,3,01 02 6B,1,
325,16:57:54.8120566,标准帧,数据帧,接收,8,FD 10 40 20 00 00 00 6B,1,
326,16:57:54.8120566,标准帧,数据帧,接收,3,01 02 6B,1,
327,16:57:54.8120566,标准帧,数据帧,接收,8,FD 10 40 20 00 00 00 6B,1,
328,16:57:54.8120566,标准帧,数据帧,接收,8,FD 10 40 20 00 00 00 6B,1,
329,16:57:54.8120566,标准帧,数据帧,接收,3,01 02 6B,1,
330,16:57:54.8120566,标准帧,数据帧,接收,8,FD 10 40 20 00 00 00 6B,2,
331,16:57:54.8120566,标准帧,数据帧,接收,3,02 02 6B,2,
332,16:57:54.8120566,标准帧,数据帧,接收,8,FD 10 40 20 00 00 00 6B,1,
333,16:57:54.8120566,标准帧,数据帧,接收,3,01 02 6B,1,
334,16:57:54.8120566,标准帧,数据帧,接收,8,FD 10 40 20 00 00 00 6B,2,
335,16:57:54.8120566,标准帧,数据帧,接收,3,02 02 6B,2,
336,16:57:54.8120566,标准帧,数据帧,接收,8,FD 10 40 20 00 00 00 6B,2,
337,16:57:54.8120566,标准帧,数据帧,接收,3,02 02 6B,2,
338,16:57:54.8120566,标准帧,数据帧,接收,8,FD 10 40 20 00 00 00 6B,2,
339,16:57:54.8120566,标准帧,数据帧,接收,3,02 02 6B,2,
340,16:57:54.8120566,标准帧,数据帧,接收,8,FD 10 40 20 00 00 00 6B,1,
341,16:57:54.8120566,标准帧,数据帧,接收,8,FD 10 40 20 00 00 00 6B,2,
342,16:57:54.8120566,标准帧,数据帧,接收,3,02 02 6B,2,
343,16:57:54.8120566,标准帧,数据帧,接收,8,FD 10 40 20 00 00 00 6B,1,
344,16:57:54.8120566,标准帧,数据帧,接收,8,FD 10 40 20 00 00 00 6B,2,
345,16:57:54.8120566,标准帧,数据帧,接收,8,FD 10 40 20 00 00 00 6B,2,
346,16:57:54.8120566,标准帧,数据帧,接收,8,FD 10 40 20 00 00 00 6B,1,
347,16:57:54.8120566,标准帧,数据帧,接收,8,FD 10 40 20 00 00 00 6B,1,
348,16:57:54.8120566,标准帧,数据帧,接收,8,FD 10 40 20 00 00 00 6B,2,
349,16:57:54.8120566,标准帧,数据帧,接收,8,FD 10 40 20 00 00 00 6B,1,
350,16:57:54.8120566,标准帧,数据帧,接收,3,01 02 6B,1,
351,16:57:54.8120566,标准帧,数据帧,接收,8,FD 10 40 20 00 00 00 6B,2,
352,16:57:54.8120566,标准帧,数据帧,接收,8,FD 10 40 20 00 00 00 6B,1,
353,16:57:54.8120566,标准帧,数据帧,接收,8,FD 10 40 20 00 00 00 6B,1,
354,16:57:54.8120566,标准帧,数据帧,接收,8,FD 10 40 20 00 00 00 6B,2,
355,16:57:54.8130897,标准帧,数据帧,接收,8,FD 10 40 20 00 00 00 6B,2,
356,16:57:54.8130897,标准帧,数据帧,接收,8,FD 10 40 20 00 00 00 6B,1,
357,16:57:54.8130897,标准帧,数据帧,接收,8,FD 10 40 20 00 00 00 6B,1,
358,16:57:54.8130897,标准帧,数据帧,接收,8,FD 10 40 20 00 00 00 6B,2,
359,16:57:54.8130897,标准帧,数据帧,接收,8,FD 10 40 20 00 00 00 6B,2,
360,16:57:54.8130897,标准帧,数据帧,接收,8,FD 10 40 20 00 00 00 6B,1,
361,16:57:54.8130897,标准帧,数据帧,接收,3,01 02 6B,1,
362,16:57:54.8130897,标准帧,数据帧,接收,8,FD 10 40 20 00 00 00 6B,2,
363,16:57:54.8130897,标准帧,数据帧,接收,8,FD 10 40 20 00 00 00 6B,2,
364,16:57:54.8130897,标准帧,数据帧,接收,8,FD 10 40 20 00 00 00 6B,1,
365,16:57:54.8130897,标准帧,数据帧,接收,8,FD 10 40 20 00 00 00 6B,2,
366,16:57:54.8130897,标准帧,数据帧,接收,8,FD 10 40 20 00 00 00 6B,1,
367,16:57:54.8130897,标准帧,数据帧,接收,3,01 02 6B,1,
368,16:57:54.8130897,标准帧,数据帧,接收,8,FD 10 40 20 00 00 00 6B,2,
369,16:57:54.8130897,标准帧,数据帧,接收,8,FD 10 40 20 00 00 00 6B,1,
370,16:57:54.8130897,标准帧,数据帧,接收,8,FD 10 40 20 00 00 00 6B,1,
371,16:57:54.8130897,标准帧,数据帧,接收,8,FD 10 40 20 00 00 00 6B,2,
372,16:57:54.8130897,标准帧,数据帧,接收,8,FD 10 40 20 00 00 00 6B,1,
373,16:57:54.8130897,标准帧,数据帧,接收,8,FD 10 40 20 00 00 00 6B,2,
374,16:57:54.8130897,标准帧,数据帧,接收,8,FD 10 40 20 00 00 00 6B,2,
375,16:57:54.8130897,标准帧,数据帧,接收,8,FD 10 40 20 00 00 00 6B,1,
376,16:57:54.8130897,标准帧,数据帧,接收,8,FD 10 40 20 00 00 00 6B,1,
377,16:57:54.8130897,标准帧,数据帧,接收,3,01 02 6B,1,
378,16:57:54.8130897,标准帧,数据帧,接收,8,FD 10 40 20 00 00 00 6B,1,
379,16:57:54.8130897,标准帧,数据帧,接收,8,FD 10 40 20 00 00 00 6B,2,
380,16:57:54.8130897,标准帧,数据帧,接收,3,02 02 6B,2,
381,16:57:54.8130897,标准帧,数据帧,接收,8,FD 10 40 20 00 00 00 6B,1,
382,16:57:54.8130897,标准帧,数据帧,接收,8,FD 10 40 20 00 00 00 6B,1,
383,16:57:54.8130897,标准帧,数据帧,接收,8,FD 10 40 20 00 00 00 6B,2,
384,16:57:54.8130897,标准帧,数据帧,接收,3,02 02 6B,2,
385,16:57:54.8130897,标准帧,数据帧,接收,8,FD 10 40 20 00 00 00 6B,1,
386,16:57:54.8130897,标准帧,数据帧,接收,3,01 02 6B,1,
387,16:57:54.8130897,标准帧,数据帧,接收,8,FD 10 40 20 00 00 00 6B,2,
388,16:57:54.8130897,标准帧,数据帧,接收,8,FD 10 40 20 00 00 00 6B,1,
389,16:57:54.8130897,标准帧,数据帧,接收,3,01 02 6B,1,
390,16:57:54.8130897,标准帧,数据帧,接收,8,FD 10 40 20 00 00 00 6B,2,
391,16:57:54.8130897,标准帧,数据帧,接收,3,02 02 6B,2,
392,16:57:54.8130897,标准帧,数据帧,接收,8,FD 10 40 20 00 00 00 6B,1,
393,16:57:54.8130897,标准帧,数据帧,接收,8,FD 10 40 20 00 00 00 6B,2,
394,16:57:54.8130897,标准帧,数据帧,接收,8,FD 10 40 20 00 00 00 6B,2,
395,16:57:54.8130897,标准帧,数据帧,接收,8,FD 10 40 20 00 00 00 6B,1,
396,16:57:54.8130897,标准帧,数据帧,接收,8,FD 10 40 20 00 00 00 6B,1,
397,16:57:54.8130897,标准帧,数据帧,接收,3,01 EE 6B,1,
398,16:57:54.8130897,标准帧,数据帧,接收,8,FD 10 40 20 00 00 00 6B,2,
399,16:57:54.8130897,标准帧,数据帧,接收,8,FD 10 40 20 00 00 00 6B,1,
400,16:57:54.8130897,标准帧,数据帧,接收,8,FD 10 40 20 00 00 00 6B,1,
401,16:57:54.8130897,标准帧,数据帧,接收,8,FD 10 40 20 00 00 00 6B,2,
402,16:57:54.8130897,标准帧,数据帧,接收,8,FD 10 40 20 00 00 00 6B,2,
403,16:57:54.8130897,标准帧,数据帧,接收,3,02 02 6B,2,
404,16:57:54.8130897,标准帧,数据帧,接收,8,FD 10 40 20 00 00 00 6B,2,
405,16:57:54.8130897,标准帧,数据帧,接收,8,FD 10 40 20 00 00 00 6B,2,
406,16:57:54.8130897,标准帧,数据帧,接收,8,FD 10 40 20 00 00 00 6B,1,
407,16:57:54.8130897,标准帧,数据帧,接收,8,FD 10 40 20 00 00 00 6B,2,
408,16:57:54.8130897,标准帧,数据帧,接收,3,02 02 6B,2,
409,16:57:54.8130897,标准帧,数据帧,接收,8,FD 10 40 20 00 00 00 6B,1,
410,16:57:54.8130897,标准帧,数据帧,接收,8,FD 10 40 20 00 00 00 6B,2,
411,16:57:54.8130897,标准帧,数据帧,接收,8,FD 10 40 20 00 00 00 6B,2,
412,16:57:54.8130897,标准帧,数据帧,接收,3,02 02 6B,2,
413,16:57:54.8130897,标准帧,数据帧,接收,8,FD 10 40 20 00 00 00 6B,1,
414,16:57:54.8130897,标准帧,数据帧,接收,3,01 02 6B,1,
415,16:57:54.8130897,标准帧,数据帧,接收,8,FD 10 40 20 00 00 00 6B,2,
416,16:57:54.8130897,标准帧,数据帧,接收,3,02 02 6B,2,
417,16:57:54.8130897,标准帧,数据帧,接收,8,FD 10 40 20 00 00 00 6B,2,
418,16:57:54.8130897,标准帧,数据帧,接收,3,02 02 6B,2,
419,16:57:54.8130897,标准帧,数据帧,接收,8,FD 10 40 20 00 00 00 6B,1,
420,16:57:54.8130897,标准帧,数据帧,接收,3,01 02 6B,1,
421,16:57:54.8130897,标准帧,数据帧,接收,8,FD 10 40 20 00 00 00 6B,2,
422,16:57:54.8130897,标准帧,数据帧,接收,8,FD 10 40 20 00 00 00 6B,1,
423,16:57:54.8130897,标准帧,数据帧,接收,8,FD 10 40 20 00 00 00 6B,2,
424,16:57:54.8130897,标准帧,数据帧,接收,8,FD 10 40 20 00 00 00 6B,2,
425,16:57:54.8130897,标准帧,数据帧,接收,8,FD 10 40 20 00 00 00 6B,1,
426,16:57:54.8130897,标准帧,数据帧,接收,8,FD 10 40 20 00 00 00 6B,1,
427,16:57:54.8130897,标准帧,数据帧,接收,8,FD 10 40 20 00 00 00 6B,2,
428,16:57:54.8130897,标准帧,数据帧,接收,8,FD 10 40 20 00 00 00 6B,2,
429,16:57:54.8130897,标准帧,数据帧,接收,8,FD 10 40 20 00 00 00 6B,1,
430,16:57:54.8130897,标准帧,数据帧,接收,8,FD 10 40 20 00 00 00 6B,1,
431,16:57:54.8130897,标准帧,数据帧,接收,8,FD 10 40 20 00 00 00 6B,2,
432,16:57:54.8130897,标准帧,数据帧,接收,8,FD 10 40 20 00 00 00 6B,2,
433,16:57:54.8130897,标准帧,数据帧,接收,3,02 EE 6B,2,
434,16:57:54.8130897,标准帧,数据帧,接收,8,FD 10 40 20 00 00 00 6B,2,
435,16:57:54.8130897,标准帧,数据帧,接收,3,02 02 6B,2,
436,16:57:54.8130897,标准帧,数据帧,接收,8,FD 10 40 20 00 00 00 6B,1,
437,16:57:54.8130897,标准帧,数据帧,接收,8,FD 10 40 20 00 00 00 6B,1,
438,16:57:54.8130897,标准帧,数据帧,接收,3,01 02 6B,1,
439,16:57:54.8130897,标准帧,数据帧,接收,8,FD 10 40 20 00 00 00 6B,2,
440,16:57:54.8130897,标准帧,数据帧,接收,3,02 02 6B,2,
441,16:57:54.8130897,标准帧,数据帧,接收,8,FD 10 40 20 00 00 00 6B,2,
442,16:57:54.8130897,标准帧,数据帧,接收,8,FD 10 40 20 00 00 00 6B,1,
443,16:57:54.8130897,标准帧,数据帧,接收,8,FD 10 40 20 00 00 00 6B,1,
444,16:57:54.8130897,标准帧,数据帧,接收,3,01 02 6B,1,
445,16:57:54.8130897,标准帧,数据帧,接收,8,FD 10 40 20 00 00 00 6B,1,
446,16:57:54.8130897,标准帧,数据帧,接收,3,01 02 6B,1,
447,16:57:54.8130897,标准帧,数据帧,接收,8,FD 10 40 20 00 00 00 6B,2,
448,16:57:54.8130897,标准帧,数据帧,接收,8,FD 10 40 20 00 00 00 6B,1,
449,16:57:54.8130897,标准帧,数据帧,接收,3,01 02 6B,1,
450,16:57:54.8130897,标准帧,数据帧,接收,8,FD 10 40 20 00 00 00 6B,2,
451,16:57:54.8130897,标准帧,数据帧,接收,3,02 02 6B,2,
452,16:57:54.8130897,标准帧,数据帧,接收,8,FD 10 40 20 00 00 00 6B,1,
453,16:57:54.8130897,标准帧,数据帧,接收,8,FD 10 40 20 00 00 00 6B,1,
454,16:57:54.8130897,标准帧,数据帧,接收,8,FD 10 40 20 00 00 00 6B,2,
455,16:57:54.8130897,标准帧,数据帧,接收,8,FD 10 40 20 00 00 00 6B,2,
456,16:57:54.8130897,标准帧,数据帧,接收,8,FD 10 40 20 00 00 00 6B,1,
457,16:57:54.8130897,标准帧,数据帧,接收,8,FD 10 40 20 00 00 00 6B,1,
458,16:57:54.8130897,标准帧,数据帧,接收,8,FD 10 40 20 00 00 00 6B,2,
459,16:57:54.8130897,标准帧,数据帧,接收,8,FD 10 40 20 00 00 00 6B,1,
460,16:57:54.8130897,标准帧,数据帧,接收,8,FD 10 40 20 00 00 00 6B,1,
461,16:57:54.8130897,标准帧,数据帧,接收,8,FD 10 40 20 00 00 00 6B,2,
462,16:57:54.8130897,标准帧,数据帧,接收,3,02 02 6B,2,
463,16:57:54.8130897,标准帧,数据帧,接收,8,FD 10 40 20 00 00 00 6B,1,
464,16:57:54.8130897,标准帧,数据帧,接收,3,01 02 6B,1,
465,16:57:54.8130897,标准帧,数据帧,接收,8,FD 10 40 20 00 00 00 6B,2,
466,16:57:54.8130897,标准帧,数据帧,接收,3,02 02 6B,2,
467,16:57:54.8130897,标准帧,数据帧,接收,8,FD 10 40 20 00 00 00 6B,2,
468,16:57:54.8130897,标准帧,数据帧,接收,8,FD 10 40 20 00 00 00 6B,1,
469,16:57:54.8130897,标准帧,数据帧,接收,8,FD 10 40 20 00 00 00 6B,2,
470,16:57:54.8130897,标准帧,数据帧,接收,8,FD 10 40 20 00 00 00 6B,1,
471,16:57:54.8130897,标准帧,数据帧,接收,8,FD 10 40 20 00 00 00 6B,1,
472,16:57:54.8130897,标准帧,数据帧,接收,3,01 02 6B,1,
473,16:57:54.8130897,标准帧,数据帧,接收,8,FD 10 40 20 00 00 00 6B,2,
474,16:57:54.8130897,标准帧,数据帧,接收,3,02 02 6B,2,
475,16:57:54.8130897,标准帧,数据帧,接收,8,FD 10 40 20 00 00 00 6B,1,
476,16:57:54.8130897,标准帧,数据帧,接收,3,01 02 6B,1,
477,16:57:54.8130897,标准帧,数据帧,接收,8,FD 10 40 20 00 00 00 6B,2,
478,16:57:54.8130897,标准帧,数据帧,接收,3,02 EE 6B,2,
479,16:57:54.8130897,标准帧,数据帧,接收,8,FD 10 40 20 00 00 00 6B,1,
480,16:57:54.8130897,标准帧,数据帧,接收,3,01 02 6B,1,
481,16:57:54.8130897,标准帧,数据帧,接收,8,FD 10 40 20 00 00 00 6B,2,
482,16:57:54.8130897,标准帧,数据帧,接收,8,FD 10 40 20 00 00 00 6B,1,
483,16:57:54.8130897,标准帧,数据帧,接收,8,FD 10 40 20 00 00 00 6B,1,
484,16:57:54.8130897,标准帧,数据帧,接收,8,FD 10 40 20 00 00 00 6B,2,
485,16:57:54.8130897,标准帧,数据帧,接收,8,FD 10 40 20 00 00 00 6B,2,
486,16:57:54.8130897,标准帧,数据帧,接收,8,FD 10 40 20 00 00 00 6B,1,
487,16:57:54.8130897,标准帧,数据帧,接收,3,01 02 6B,1,
488,16:57:54.8130897,标准帧,数据帧,接收,8,FD 10 40 20 00 00 00 6B,2,
489,16:57:54.8130897,标准帧,数据帧,接收,8,FD 10 40 20 00 00 00 6B,2,
490,16:57:54.8130897,标准帧,数据帧,接收,8,FD 10 40 20 00 00 00 6B,1,
491,16:57:54.8130897,标准帧,数据帧,接收,3,01 02 6B,1,
492,16:57:54.8130897,标准帧,数据帧,接收,8,FD 10 40 20 00 00 00 6B,1,
493,16:57:54.8130897,标准帧,数据帧,接收,8,FD 10 40 20 00 00 00 6B,1,
494,16:57:54.8130897,标准帧,数据帧,接收,8,FD 10 40 20 00 00 00 6B,2,
495,16:57:54.8130897,标准帧,数据帧,接收,8,FD 10 40 20 00 00 00 6B,2,
496,16:57:54.8130897,标准帧,数据帧,接收,8,FD 10 40 20 00 00 00 6B,1,
497,16:57:54.8130897,标准帧,数据帧,接收,8,FD 10 40 20 00 00 00 6B,1,
498,16:57:54.8130897,标准帧,数据帧,接收,8,FD 10 40 20 00 00 00 6B,2,
499,16:57:54.8130897,标准帧,数据帧,接收,8,FD 10 40 20 00 00 00 6B,2,
500,16:57:54.8130897,标准帧,数据帧,接收,8,FD 10 40 20 00 00 00 6B,1,
501,16:57:54.8130897,标准帧,数据帧,接收,8,FD 10 40 20 00 00 00 6B,2,
502,16:57:54.8130897,标准帧,数据帧,接收,8,FD 10 40 20 00 00 00 6B,2,
503,16:57:54.8130897,标准帧,数据帧,接收,8,FD 10 40 20 00 00 00 6B,1,
504,16:57:54.8130897,标准帧,数据帧,接收,3,01 02 6B,1,
505,16:57:54.8130897,标准帧,数据帧,接收,8,FD 10 40 20 00 00 00 6B,2,
506,16:57:54.8130897,标准帧,数据帧,接收,8,FD 10 40 20 00 00 00 6B,1,
507,16:57:54.8130897,标准帧,数据帧,接收,8,FD 10 40 20 00 00 00 6B,1,
508,16:57:54.8130897,标准帧,数据帧,接收,3,01 02 6B,1,
509,16:57:54.8130897,标准帧,数据帧,接收,8,FD 10 40 20 00 00 00 6B,1,
510,16:57:54.8130897,标准帧,数据帧,接收,8,FD 10 40 20 00 00 00 6B,2,
511,16:57:54.8130897,标准帧,数据帧,接收,3,02 02 6B,2,
512,16:57:54.8130897,标准帧,数据帧,接收,8,FD 10 40 20 00 00 00 6B,1,
513,16:57:54.8130897,标准帧,数据帧,接收,8,FD 10 40 20 00 00 00 6B,2,
514,16:57:54.8130897,标准帧,数据帧,接收,3,02 02 6B,2,
515,16:57:54.8130897,标准帧,数据帧,接收,8,FD 10 40 20 00 00 00 6B,1,
516,16:57:54.8130897,标准帧,数据帧,接收,3,01 02 6B,1,
517,16:57:54.8130897,标准帧,数据帧,接收,8,FD 10 40 20 00 00 00 6B,1,
518,16:57:54.8130897,标准帧,数据帧,接收,8,FD 10 40 20 00 00 00 6B,1,
519,16:57:54.8130897,标准帧,数据帧,接收,8,FD 10 40 20 00 00 00 6B,2,
520,16:57:54.8130897,标准帧,数据帧,接收,8,FD 10 40 20 00 00 00 6B,2,
521,16:57:54.8130897,标准帧,数据帧,接收,8,FD 10 40 20 00 00 00 6B,1,
522,16:57:54.8130897,标准帧,数据帧,接收,3,01 02 6B,1,
523,16:57:54.8130897,标准帧,数据帧,接收,8,FD 10 40 20 00 00 00 6B,2,
524,16:57:54.8130897,标准帧,数据帧,接收,3,02 02 6B,2,
525,16:57:54.8130897,标准帧,数据帧,接收,8,FD 10 40 20 00 00 00 6B,1,
526,16:57:54.8130897,标准帧,数据帧,接收,8,FD 10 40 20 00 00 00 6B,2,
527,16:57:54.8130897,标准帧,数据帧,接收,8,FD 10 40 20 00 00 00 6B,2,
528,16:57:54.8130897,标准帧,数据帧,接收,8,FD 10 40 20 00 00 00 6B,1,
529,16:57:54.8130897,标准帧,数据帧,接收,8,FD 10 40 20 00 00 00 6B,1,
530,16:57:54.8130897,标准帧,数据帧,接收,8,FD 10 40 20 00 00 00 6B,2,
531,16:57:54.8130897,标准帧,数据帧,接收,8,FD 10 40 20 00 00 00 6B,2,
532,16:57:54.8130897,标准帧,数据帧,接收,8,FD 10 40 20 00 00 00 6B,1,
533,16:57:54.8130897,标准帧,数据帧,接收,3,01 02 6B,1,
534,16:57:54.8130897,标准帧,数据帧,接收,8,FD 10 40 20 00 00 00 6B,2,
535,16:57:54.8130897,标准帧,数据帧,接收,3,02 02 6B,2,
536,16:57:54.8130897,标准帧,数据帧,接收,8,FD 10 40 20 00 00 00 6B,1,
537,16:57:54.8130897,标准帧,数据帧,接收,3,01 02 6B,1,
538,16:57:54.8130897,标准帧,数据帧,接收,8,FD 10 40 20 00 00 00 6B,2,
539,16:57:54.8130897,标准帧,数据帧,接收,8,FD 10 40 20 00 00 00 6B,2,
540,16:57:54.8130897,标准帧,数据帧,接收,3,02 02 6B,2,
541,16:57:54.8130897,标准帧,数据帧,接收,8,FD 10 40 20 00 00 00 6B,1,
542,16:57:54.8130897,标准帧,数据帧,接收,3,01 02 6B,1,
543,16:57:54.8130897,标准帧,数据帧,接收,8,FD 10 40 20 00 00 00 6B,2,
544,16:57:54.8130897,标准帧,数据帧,接收,8,FD 10 40 20 00 00 00 6B,1,
545,16:57:54.8130897,标准帧,数据帧,接收,3,01 02 6B,1,
546,16:57:54.8130897,标准帧,数据帧,接收,8,FD 10 40 20 00 00 00 6B,2,
547,16:57:54.8130897,标准帧,数据帧,接收,8,FD 10 40 20 00 00 00 6B,1,
548,16:57:54.8130897,标准帧,数据帧,接收,8,FD 10 40 20 00 00 00 6B,1,
549,16:57:54.8130897,标准帧,数据帧,接收,8,FD 10 40 20 00 00 00 6B,2,
550,16:57:54.8130897,标准帧,数据帧,接收,3,02 02 6B,2,
551,16:57:54.8130897,标准帧,数据帧,接收,8,FD 10 40 20 00 00 00 6B,1,
552,16:57:54.8130897,标准帧,数据帧,接收,8,FD 10 40 20 00 00 00 6B,1,
553,16:57:54.8130897,标准帧,数据帧,接收,3,01 02 6B,1,
554,16:57:54.8130897,标准帧,数据帧,接收,8,FD 10 40 20 00 00 00 6B,2,
555,16:57:54.8130897,标准帧,数据帧,接收,8,FD 10 40 20 00 00 00 6B,1,
556,16:57:54.8130897,标准帧,数据帧,接收,8,FD 10 40 20 00 00 00 6B,2,
557,16:57:54.8130897,标准帧,数据帧,接收,3,02 02 6B,2,
558,16:57:54.8130897,标准帧,数据帧,接收,8,FD 10 40 20 00 00 00 6B,1,
559,16:57:54.8130897,标准帧,数据帧,接收,3,01 02 6B,1,
560,16:57:54.8130897,标准帧,数据帧,接收,8,FD 10 40 20 00 00 00 6B,2,
561,16:57:54.8130897,标准帧,数据帧,接收,3,02 02 6B,2,
562,16:57:54.8130897,标准帧,数据帧,接收,8,FD 10 40 20 00 00 00 6B,1,
563,16:57:54.8130897,标准帧,数据帧,接收,8,FD 10 40 20 00 00 00 6B,2,
564,16:57:54.8130897,标准帧,数据帧,接收,8,FD 10 40 20 00 00 00 6B,1,
565,16:57:54.8130897,标准帧,数据帧,接收,3,01 02 6B,1,
566,16:57:54.8130897,标准帧,数据帧,接收,8,FD 10 40 20 00 00 00 6B,2,
567,16:57:54.8130897,标准帧,数据帧,接收,8,FD 10 40 20 00 00 00 6B,2,
568,16:57:54.8130897,标准帧,数据帧,接收,8,FD 10 40 20 00 00 00 6B,1,
569,16:57:54.8130897,标准帧,数据帧,接收,3,01 02 6B,1,
570,16:57:54.8130897,标准帧,数据帧,接收,8,FD 10 40 20 00 00 00 6B,2,
571,16:57:54.8130897,标准帧,数据帧,接收,8,FD 10 40 20 00 00 00 6B,1,
572,16:57:54.8130897,标准帧,数据帧,接收,8,FD 10 40 20 00 00 00 6B,2,
573,16:57:54.8130897,标准帧,数据帧,接收,3,02 02 6B,2,
574,16:57:54.8130897,标准帧,数据帧,接收,8,FD 10 40 20 00 00 00 6B,1,
575,16:57:54.8130897,标准帧,数据帧,接收,3,01 02 6B,1,
576,16:57:54.8130897,标准帧,数据帧,接收,8,FD 10 40 20 00 00 00 6B,2,
577,16:57:54.8130897,标准帧,数据帧,接收,8,FD 10 40 20 00 00 00 6B,2,
578,16:57:54.8130897,标准帧,数据帧,接收,8,FD 10 40 20 00 00 00 6B,1,
579,16:57:54.8130897,标准帧,数据帧,接收,8,FD 10 40 20 00 00 00 6B,1,
580,16:57:54.8130897,标准帧,数据帧,接收,3,01 02 6B,1,
581,16:57:54.8130897,标准帧,数据帧,接收,8,FD 10 40 20 00 00 00 6B,1,
582,16:57:54.8130897,标准帧,数据帧,接收,3,01 EE 6B,1,
583,16:57:54.8130897,标准帧,数据帧,接收,8,FD 10 40 20 00 00 00 6B,2,
584,16:57:54.8130897,标准帧,数据帧,接收,8,FD 10 40 20 00 00 00 6B,2,
585,16:57:54.8130897,标准帧,数据帧,接收,8,FD 10 40 20 00 00 00 6B,1,
586,16:57:54.8130897,标准帧,数据帧,接收,8,FD 10 40 20 00 00 00 6B,2,
587,16:57:54.8130897,标准帧,数据帧,接收,3,02 02 6B,2,
588,16:57:54.8130897,标准帧,数据帧,接收,8,FD 10 40 20 00 00 00 6B,1,
589,16:57:54.8130897,标准帧,数据帧,接收,8,FD 10 40 20 00 00 00 6B,1,
590,16:57:54.8130897,标准帧,数据帧,接收,3,01 02 6B,1,
591,16:57:54.8130897,标准帧,数据帧,接收,8,FD 10 40 20 00 00 00 6B,1,
592,16:57:54.8130897,标准帧,数据帧,接收,8,FD 10 40 20 00 00 00 6B,1,
593,16:57:54.8130897,标准帧,数据帧,接收,8,FD 10 40 20 00 00 00 6B,2,
594,16:57:54.8130897,标准帧,数据帧,接收,8,FD 10 40 20 00 00 00 6B,2,
595,16:57:54.8130897,标准帧,数据帧,接收,8,FD 10 40 20 00 00 00 6B,1,
596,16:57:54.8130897,标准帧,数据帧,接收,3,01 02 6B,1,
597,16:57:54.8130897,标准帧,数据帧,接收,8,FD 10 40 20 00 00 00 6B,2,
598,16:57:54.8130897,标准帧,数据帧,接收,3,02 02 6B,2,
599,16:57:54.8130897,标准帧,数据帧,接收,8,FD 10 40 20 00 00 00 6B,1,
600,16:57:54.8130897,标准帧,数据帧,接收,8,FD 10 40 20 00 00 00 6B,2,
601,16:57:54.8130897,标准帧,数据帧,接收,8,FD 10 40 20 00 00 00 6B,2,
602,16:57:54.8130897,标准帧,数据帧,接收,2,36 6B,2,
603,16:57:54.8130897,标准帧,数据帧,接收,6,02 00 00 00 07 6B,2,
604,16:57:54.8130897,标准帧,数据帧,接收,8,FD 10 40 20 00 00 00 6B,1,
605,16:57:54.8130897,标准帧,数据帧,接收,3,01 02 6B,1,
606,16:57:54.8130897,标准帧,数据帧,接收,3,F3 01 6B,1,
607,16:57:54.8130897,标准帧,数据帧,接收,3,F3 01 6B,2,
608,16:57:54.8130897,标准帧,数据帧,接收,3,02 02 6B,2,
609,16:57:54.8130897,标准帧,数据帧,接收,3,F3 01 6B,2,
610,16:57:54.8130897,标准帧,数据帧,接收,3,02 02 6B,2,
611,16:57:54.8130897,标准帧,数据帧,接收,8,FD 10 40 20 00 00 00 6B,1,
612,16:57:54.8130897,标准帧,数据帧,接收,3,01 02 6B,1,
613,16:57:54.8130897,标准帧,数据帧,接收,8,FD 10 40 20 00 00 00 6B,2,
614,16:57:54.8130897,标准帧,数据帧,接收,3,02 02 6B,2,
615,16:57:54.8130897,标准帧,数据帧,接收,8,FD 10 40 20 00 00 00 6B,2,
616,16:57:54.8130897,标准帧,数据帧,接收,8,FD 10 40 20 00 00 00 6B,2,
617,16:57:54.8130897,标准帧,数据帧,接收,3,02 02 6B,2,
618,16:57:54.8130897,标准帧,数据帧,接收,8,FD 10 40 20 00 00 00 6B,2,
619,16:57:54.8130897,标准帧,数据帧,接收,8,FD 10 40 20 00 00 00 6B,2,
620,16:57:54.8130897,标准帧,数据帧,接收,8,FD 10 40 20 00 00 00 6B,1,
621,16:57:54.8130897,标准帧,数据帧,接收,8,FD 10 40 20 00 00 00 6B,2,
622,16:57:54.8130897,标准帧,数据帧,接收,8,FD 10 40 20 00 00 00 6B,2,
623,16:57:54.9530608,标准帧,数据帧,接收,8,FD 10 40 20 00 00 00 6B,1,
624,16:57:54.9530608,标准帧,数据帧,接收,3,01 02 6B,1,
625,16:57:54.9992386,标准帧,数据帧,接收,8,FD 10 40 20 00 00 00 6B,2,
626,16:57:54.9992386,标准帧,数据帧,接收,3,02 02 6B,2,
627,16:57:55.4400611,标准帧,数据帧,接收,8,FD 10 40 20 00 00 00 6B,1,
628,16:57:55.4400611,标准帧,数据帧,接收,3,01 02 6B,1,
629,16:57:55.4870214,标准帧,数据帧,接收,8,FD 10 40 20 00 00 00 6B,2,
630,16:57:55.9277995,标准帧,数据帧,接收,8,FD 10 40 20 00 00 00 6B,1,
631,16:57:55.9277995,标准帧,数据帧,接收,8,FD 10 40 20 00 00 00 6B,2,
632,16:57:55.9926369,标准帧,数据帧,接收,8,FD 10 40 20 00 00 00 6B,2,
633,16:57:56.3911301,标准帧,数据帧,接收,8,FD 10 40 20 00 00 00 6B,1,
634,16:57:56.3911301,标准帧,数据帧,接收,8,FD 10 40 20 00 00 00 6B,1,
635,16:57:56.4549355,标准帧,数据帧,接收,8,FD 10 40 20 00 00 00 6B,2,
636,16:57:56.4549355,标准帧,数据帧,接收,8,FD 10 40 20 00 00 00 6B,2,
637,16:57:56.8491081,标准帧,数据帧,接收,8,FD 10 40 20 00 00 00 6B,1,
638,16:57:56.8951544,标准帧,数据帧,接收,8,FD 10 40 20 00 00 00 6B,1,
639,16:57:56.8951544,标准帧,数据帧,接收,8,FD 10 40 20 00 00 00 6B,2,
640,16:57:56.8951544,标准帧,数据帧,接收,8,FD 10 40 20 00 00 00 6B,2,
641,16:57:57.3486146,标准帧,数据帧,接收,8,FD 10 40 20 00 00 00 6B,1,
642,16:57:57.3486146,标准帧,数据帧,接收,8,FD 10 40 20 00 00 00 6B,1,
643,16:57:57.3966145,标准帧,数据帧,接收,8,FD 10 40 20 00 00 00 6B,2,
644,16:57:57.3966145,标准帧,数据帧,接收,3,02 02 6B,2,
645,16:57:57.8133361,标准帧,数据帧,接收,8,FD 10 40 20 00 00 00 6B,1,
646,16:57:57.8324107,标准帧,数据帧,接收,8,FD 10 40 20 00 00 00 6B,2,
647,16:57:57.8550747,标准帧,数据帧,接收,8,FD 10 40 20 00 00 00 6B,2,
648,16:57:58.2719246,标准帧,数据帧,接收,8,FD 10 40 20 00 00 00 6B,1,
649,16:57:58.2939246,标准帧,数据帧,接收,8,FD 10 40 20 00 00 00 6B,1,
650,16:57:58.3119425,标准帧,数据帧,接收,8,FD 10 40 20 00 00 00 6B,2,
651,16:57:58.3339457,标准帧,数据帧,接收,8,FD 10 40 20 00 00 00 6B,2,
652,16:57:58.7503933,标准帧,数据帧,接收,8,FD 10 40 20 00 00 00 6B,1,
653,16:57:58.7719969,标准帧,数据帧,接收,8,FD 10 40 20 00 00 00 6B,1,
654,16:57:58.7719969,标准帧,数据帧,接收,3,01 02 6B,1,
655,16:57:58.8110487,标准帧,数据帧,接收,8,FD 10 40 20 00 00 00 6B,2,
656,16:57:59.2287129,标准帧,数据帧,接收,8,FD 10 40 20 00 00 00 6B,1,
657,16:57:59.2488398,标准帧,数据帧,接收,8,FD 10 40 20 00 00 00 6B,1,
658,16:57:59.2738231,标准帧,数据帧,接收,8,FD 10 40 20 00 00 00 6B,2,
659,16:57:59.2938231,标准帧,数据帧,接收,8,FD 10 40 20 00 00 00 6B,2,
